{"cameraMode":{"drawMode":0,"name":"Shaded","section":"Shading Mode"},"sceneLighting":true,"audioPlay":false,"sceneViewState":{"showFog":true,"showMaterialUpdate":false,"showSkybox":true,"showFlares":true,"showImageEffects":true,"showParticleSystems":true},"in2DMode":false,"pivot":{"x":-16.611629486083986,"y":1.0799999237060547,"z":21.46575927734375},"rotation":{"x":-0.06981883943080902,"y":0.8410592079162598,"z":-0.11193415522575379,"w":-0.5246096849441528},"size":3.0322461128234865,"orthographic":false}